EUROPE,ALBANIA,TIRANA
AFRICA,ALGERIA,ALGIERS
AFRICA,ANGOLA,LUANDA
SOUTH AMERICA,ARGENTINA,BUENOS AIRES
AUSTRALIA,AUSTRALIA,CANBERRA
EUROPE,AUSTRIA,VIENNA
EUROPE,AZERBAIJAN,BAKU
NORTH AMERICA,BAHAMAS,NASSAU
ASIA,BAHRAIN,MANAMA
ASIA,BANGLADESH,DHAKA
CENTRAL AMERICA,BARBADOS,BRIDGETOWN
EUROPE,BELARUS,MINSK
EUROPE,BELGIUM,BRUSSELS
CENTRAL AMERICA,BELIZE,BELMOPAN
NORTH AMERICA,BERMUDA,HAMILTON
ASIA,BHUTAN,THIMPHU
SOUTH AMERICA,BOLIVIA,LA PAZ
EUROPE,BOSNIA AND HERZEGOVINA,SARAJEVO
SOUTH AMERICA,BRAZIL,BRASILIA
EUROPE,BULGARIA,SOFIA
AFRICA,BURKINA FASO,OUAGADOUGOU
ASIA,CAMBODIA,PHNOM PENH
NORTH AMERICA,CANADA,OTTAWA
SOUTH AMERICA,CHILE,SANTIAGO
ASIA,CHINA,BEIJING
SOUTH AMERICA,COLOMBIA,BOGOTA
EUROPE,CZECH REPUBLIC,PRAGUE
AFRICA,EGYPT,CAIRO
AFRICA,ETHIOPIA,ADDIS ABABA
EUROPE,FINLAND,HELSINKI
EUROPE,FRANCE,PARIS
EUROPE,GERMANY,BERLIN
AFRICA,GHANA,ACCRA
EUROPE,GREECE,ATHENS
CENTRAL AMERICA,GUATEMALA,GUATEMALA CITY
NORTH AMERICA,HAITI,PORT-AU-PRINCE
CENTRAL AMERICA,HONDURAS,TEGUCIGALPA
EUROPE,HUNGARY,BUDAPEST
EUROPE,ICELAND,REYKJAVIK
ASIA,INDIA,NEW DELHI
ASIA,INDONESIA,JAKARTA
ASIA,IRAN,TEHRAN
ASIA,IRAQ,BAGHDAD
EUROPE,IRELAND,DUBLIN
EUROPE,ITALY,ROME
NORTH AMERICA,JAMAICA,KINGSTON
ASIA,JAPAN,TOKYO
ASIA,JORDAN,AMMAN
ASIA,KAZAKHSTAN,NUR-SULTAN
AFRICA,KENYA,NAIROBI
EUROPE,LATVIA,RIGA
ASIA,LEBANON,BEIRUT
