AFRICA,ALGERIA,ALGIERS
AFRICA,ANGOLA,LUANDA
AFRICA,BURKINA FASO,OUAGADOUGOU
AFRICA,EGYPT,CAIRO
AFRICA,ETHIOPIA,ADDIS ABABA
AFRICA,GHANA,ACCRA
AFRICA,KENYA,NAIROBI
ASIA,BAHRAIN,MANAMA
ASIA,BANGLADESH,DHAKA
ASIA,BHUTAN,THIMPHU
ASIA,CAMBODIA,PHNOM PENH
ASIA,CHINA,BEIJING
ASIA,INDIA,NEW DELHI
ASIA,INDONESIA,JAKARTA
ASIA,IRAN,TEHRAN
ASIA,IRAQ,BAGHDAD
ASIA,JAPAN,TOKYO
ASIA,JORDAN,AMMAN
ASIA,KAZAKHSTAN,NUR-SULTAN
ASIA,LEBANON,BEIRUT
AUSTRALIA,AUSTRALIA,CANBERRA
CENTRAL AMERICA,BARBADOS,BRIDGETOWN
CENTRAL AMERICA,BELIZE,BELMOPAN
CENTRAL AMERICA,GUATEMALA,GUATEMALA CITY
CENTRAL AMERICA,HONDURAS,TEGUCIGALPA
EUROPE,ALBANIA,TIRANA
EUROPE,AUSTRIA,VIENNA
EUROPE,AZERBAIJAN,BAKU
EUROPE,BELARUS,MINSK
EUROPE,BELGIUM,BRUSSELS
EUROPE,BOSNIA AND HERZEGOVINA,SARAJEVO
EUROPE,BULGARIA,SOFIA
EUROPE,CZECH REPUBLIC,PRAGUE
EUROPE,FINLAND,HELSINKI
EUROPE,FRANCE,PARIS
EUROPE,GERMANY,BERLIN
EUROPE,GREECE,ATHENS
EUROPE,HUNGARY,BUDAPEST
EUROPE,ICELAND,REYKJAVIK
EUROPE,IRELAND,DUBLIN
EUROPE,ITALY,ROME
EUROPE,LATVIA,RIGA
NORTH AMERICA,BAHAMAS,NASSAU
NORTH AMERICA,BERMUDA,HAMILTON
NORTH AMERICA,CANADA,OTTAWA
NORTH AMERICA,HAITI,PORT-AU-PRINCE
NORTH AMERICA,JAMAICA,KINGSTON
SOUTH AMERICA,ARGENTINA,BUENOS AIRES
SOUTH AMERICA,BOLIVIA,LA PAZ
SOUTH AMERICA,BRAZIL,BRASILIA
SOUTH AMERICA,CHILE,SANTIAGO
SOUTH AMERICA,COLOMBIA,BOGOTA
